Ticker,Close,PE_Ratio,Blend_Score,SARIMA_Forecast_5D
GLEN.L,561.4,16.51,83.0,0.0
BP.L,557.8,21.45,79.2,0.0
HSBA.L,1442.2,13.61,78.5,0.0
BARC.L,443.65,9.24,75.0,0.0
RIO.L,7056.0,12.6,69.7,0.0
LLOY.L,104.0,13.0,68.0,0.0
PRU.L,918.0,8.58,60.4,0.0
STAN.L,2190.0,13.69,58.9,0.0
TSCO.L,469.0,17.37,57.9,0.0
BATS.L,3960.0,13.61,57.1,0.0
GSK.L,1779.5,15.08,55.4,0.0
NG.L,1146.5,17.64,55.1,0.0
LSEG.L,8090.0,29.1,48.9,0.0
AZN.L,11870.0,23.55,48.2,0.0
ULVR.L,4483.5,20.66,41.3,0.0
DGE.L,1601.5,27.14,40.4,0.0
VOD.L,126.8,50.0,28.8,0.0
REL.L,2528.0,20.22,26.3,0.0
RR.L,1477.2,41.03,25.7,0.0
SHELL.L,,50.0,21.0,0.0
