Ticker,Date,Close,RSI,PE_Ratio,EV_EBITDA,PB_Ratio,Margins,ROE,Debt_Equity,Sentiment,Alpha_Score,Data_Source
MPC,2025-12-29,163.60000610351562,10.539057799498892,17.385761,10.557,2.8802311,2.158,18.887,143.175,0.8,89.46094220050111,Live_YFinance
LW,2025-12-29,41.84000015258789,10.845510165518007,15.270073,7.893,3.3119607,6.0599998,23.164,224.846,0.8,89.15448983448199,Live_YFinance
SWKS,2025-12-29,64.0199966430664,14.403242652645588,20.785713,9.619,1.6535798,11.6739996,7.89,20.898,0.8,85.59675734735441,Live_YFinance
LEN,2025-12-29,103.91999816894531,15.495263220445665,13.022556,8.054,1.1942768,6.079,8.405999999999999,27.53,0.8,84.50473677955434,Live_YFinance
DDOG,2025-12-29,137.94000244140625,19.90791894799196,459.8,7310.924,14.05973,3.3239998,3.519,37.199,0.8,80.09208105200804,Live_YFinance
COIN,2025-12-29,233.77000427246094,20.501943921629476,20.488169,25.795,3.9207366,43.664002,26.005,48.559,0.8,79.49805607837052,Live_YFinance
BF-B,2025-12-29,26.110000610351562,21.62920859196626,15.269006,12.285,2.9636776,20.828,20.666,64.03,0.8,78.37079140803374,Live_YFinance
UBER,2025-12-29,81.5,21.889299053126365,10.48906,33.003,6.0249867,33.542,72.994006,45.755,0.8,78.11070094687364,Live_YFinance
SMCI,2025-12-29,30.079999923706055,22.245536492514802,24.064,19.492,2.7520585,3.766,12.787,79.184,0.8,77.7544635074852,Live_YFinance
MDT,2025-12-29,96.1500015258789,23.0200201409869,26.056911,15.117,2.53353,13.706,9.822000000000001,59.563,0.8,76.9799798590131,Live_YFinance
GNRC,2025-12-29,138.47999572753906,23.725322884740265,26.7853,13.804,3.0739179,6.920999999999999,11.969000000000001,56.133,0.8,76.27467711525973,Live_YFinance
ORLY,2025-12-29,91.77999877929688,23.950629377479558,31.868053,22.242,-86.91288,14.224999999999998,0.0,0.0,0.8,76.04937062252044,Live_YFinance
INTC,2025-12-29,36.68000030517578,24.72067731123508,611.3334,19.033,1.6433692,0.37099998,0.18600001,39.881,0.8,75.27932268876492,Live_YFinance
ZBRA,2025-12-29,245.74000549316406,25.219028469144007,24.74723,14.123,3.327511,9.743,14.285999999999998,62.984,0.8,74.780971530856,Live_YFinance
NTAP,2025-12-29,109.4000015258789,25.288769024203035,19.059235,12.687,21.967873,17.733999,125.346,277.789,0.8,74.71123097579697,Live_YFinance
MTCH,2025-12-29,32.38999938964844,25.966820554269347,15.206572,10.217,-34.56777,16.201999999999998,0.0,0.0,0.8,74.03317944573065,Live_YFinance
CDNS,2025-12-29,317.7099914550781,26.214805884629598,81.88402,45.695,16.634031,20.354,21.736,47.685,0.8,73.7851941153704,Live_YFinance
AZO,2025-12-29,3415.81005859375,26.342402646448107,23.81019,16.431,-17.546669,12.776000000000002,0.0,0.0,0.8,73.65759735355189,Live_YFinance
HOOD,2025-12-29,117.43000030517578,26.727103732665427,49.340332,0.0,12.318263,52.188,27.816000000000003,188.794,0.8,73.27289626733457,Live_YFinance
CRWD,2025-12-29,475.9100036621094,26.757405566187543,0.0,-1236.737,29.867579,-6.882000000000001,-8.814999499999999,20.154,0.8,73.24259443381246,Live_YFinance
PSX,2025-12-29,128.58999633789062,26.90778757488053,34.567204,13.768,1.9248558,1.1410000999999999,5.6199998,77.483,0.8,73.09221242511947,Live_YFinance
HPQ,2025-12-29,22.729999542236328,28.03522918638525,8.577358,6.38,-60.45213,4.5739997,0.0,0.0,0.8,71.96477081361475,Live_YFinance
EQT,2025-12-29,54.540000915527344,28.893460964062527,17.765472,8.689,1.4701601,23.097,8.488,30.675,0.8,71.10653903593747,Live_YFinance
NOW,2025-12-29,154.5800018310547,29.696783847531904,93.68485,62.731,14.195978,13.665,16.813,21.255,0.8,70.3032161524681,Live_YFinance
CDW,2025-12-29,138.61000061035156,30.28510688943335,17.657326,12.088,7.111488,4.757,43.007,239.737,0.5,69.71489311056665,Live_YFinance
CPB,2025-12-29,28.149999618530273,30.434753420692346,14.510308,8.47,2.1198885,5.6900002,14.815000000000001,184.567,0.5,69.56524657930765,Live_YFinance
AVGO,2025-12-29,349.3900146484375,30.567327820009965,74.02331,4.974,5.8997655,36.198002,31.048,166.032,0.5,69.43267217999004,Live_YFinance
WELL,2025-12-29,189.63999938964844,30.949153085920386,131.69444,37.539,3.3473957,9.693,2.75,46.211,0.5,69.05084691407961,Live_YFinance
VLO,2025-12-29,165.66000366210938,31.979951968257282,34.5125,9.409,2.127146,1.283,5.2389998,39.561,0.5,68.02004803174272,Live_YFinance
ETN,2025-12-29,321.45001220703125,32.71895936372657,32.274097,22.216,6.6259227,14.741000000000001,20.653,59.661,0.5,67.28104063627343,Live_YFinance
BBY,2025-12-29,67.83999633789062,32.79951044987848,22.389439,6.609,5.370062,1.5420000999999999,22.493,154.542,0.5,67.20048955012152,Live_YFinance
DELL,2025-12-29,127.45999908447266,32.92007978356766,17.040108,10.186,-32.449085,5.005,0.0,0.0,0.5,67.07992021643234,Live_YFinance
APA,2025-12-29,24.3799991607666,33.07691715172632,5.8325357,2.343,1.4536132,16.093999,27.427998,66.895,0.5,66.92308284827368,Live_YFinance
DGX,2025-12-29,175.52000427246094,33.118980000866785,20.625147,11.952,2.6843257,8.931000000000001,14.353,86.524,0.5,66.88101999913322,Live_YFinance
PWR,2025-12-29,431.0299987792969,33.491253621407424,63.667652,28.401,7.6552706,3.744,13.369,71.612,0.5,66.50874637859258,Live_YFinance
J,2025-12-29,135.27999877929688,34.27630086352805,52.43411,14.675,4.4246745,2.405,6.523,58.069,0.5,65.72369913647195,Live_YFinance
BKR,2025-12-29,45.380001068115234,34.703217291891534,15.5945015,10.257,2.4653666,10.432999599999999,16.89,33.042,0.5,65.29678270810847,Live_YFinance
DOC,2025-12-29,16.059999465942383,34.78312796437808,0.0,13.996,1.4690815,-1.359,-0.11499999999999999,114.248,0.5,65.21687203562192,Live_YFinance
ORCL,2025-12-29,195.3800048828125,34.78839822747109,37.144485,25.939,18.741488,25.280002000000003,69.026,432.511,0.5,65.21160177252891,Live_YFinance
PANW,2025-12-29,186.85000610351562,34.89693533501574,117.515724,92.274,14.921738,11.687,15.324001,4.951,0.5,65.10306466498426,Live_YFinance
PHM,2025-12-29,118.69000244140625,34.965970718927764,9.158179,6.835,1.8060775,14.926,21.569,16.939,0.5,65.03402928107224,Live_YFinance
PSKY,2025-12-29,13.5,35.21874277379534,450.0,10.291,1.2346808,-0.947,1.279,111.017,0.5,64.78125722620466,Live_YFinance
DLR,2025-12-29,155.64999389648438,35.52444928862742,40.323833,27.28,2.3950944,23.959999,5.825,79.248,0.5,64.47555071137258,Live_YFinance
MPWR,2025-12-29,930.0399780273438,35.57027041431682,24.270355,59.548,12.48711,71.22,64.029,0.528,0.5,64.42972958568318,Live_YFinance
TXN,2025-12-29,175.69000244140625,35.66356990709721,32.06022,21.699,9.604746,29.208001,29.757,84.477,0.5,64.33643009290279,Live_YFinance
IDXX,2025-12-29,687.8900146484375,35.7576571984616,54.63781,38.88,35.2493,24.654,64.63300600000001,71.29,0.5,64.2423428015384,Live_YFinance
A,2025-12-29,137.92999267578125,35.79079243657566,30.181616,20.888,5.7917275,18.754,20.618999,52.559,0.5,64.20920756342434,Live_YFinance
POOL,2025-12-29,229.3300018310547,35.81310714224597,21.19501,15.573,6.201628,7.784000000000001,29.307,100.725,0.5,64.18689285775403,Live_YFinance
HOLX,2025-12-29,74.51000213623047,35.83344989382398,29.923695,12.603,3.2851286,13.796,11.116,52.037,0.5,64.16655010617602,Live_YFinance
FANG,2025-12-29,148.57000732421875,35.98498877216356,10.274551,6.094,1.0903901,28.688999999999997,10.901,35.66,0.5,64.01501122783644,Live_YFinance
BG,2025-12-29,89.36000061035156,36.00437496754786,10.063063,16.035,1.0961055,2.2009999999999996,9.758,102.816,0.5,63.99562503245214,Live_YFinance
AMT,2025-12-29,175.8300018310547,36.020628365906106,27.998407,19.647,20.830471,28.105999999999998,28.839,418.09,0.5,63.979371634093894,Live_YFinance
VRSN,2025-12-29,245.14999389648438,36.22982069846955,28.57226,21.186,-11.106832,49.855998,0.0,0.0,0.5,63.77017930153045,Live_YFinance
WYNN,2025-12-29,122.2699966430664,36.24007983652521,27.110863,12.207,-34.020588,7.092,0.0,0.0,0.5,63.75992016347479,Live_YFinance
TSCO,2025-12-29,50.810001373291016,36.35384243126553,24.785368,16.559,10.4461355,7.176,45.458999999999996,222.382,0.5,63.64615756873447,Live_YFinance
PODD,2025-12-29,287.3599853515625,36.50258153720417,84.023384,40.19,14.604593,9.7629994,19.679001,77.711,0.5,63.49741846279583,Live_YFinance
EXE,2025-12-29,111.77999877929688,36.544850779034576,35.26183,6.741,1.4666982,8.043,6.1189998,27.95,0.5,63.455149220965424,Live_YFinance
EOG,2025-12-29,104.63999938964844,36.6398478757179,10.391261,5.166,1.8788717,24.410999,18.476999,26.835,0.5,63.3601521242821,Live_YFinance
DHI,2025-12-29,145.9600067138672,37.14742464722004,12.615385,9.693,1.7767931,10.468,14.321,24.514,0.5,62.85257535277996,Live_YFinance
KDP,2025-12-29,28.15999984741211,37.27275144293513,24.275862,13.094,1.5107297,9.780999999999999,6.2909999999999995,73.567,0.5,62.72724855706487,Live_YFinance
RMD,2025-12-29,242.85000610351562,37.776270862831026,24.882172,18.153,5.790001,27.35,25.413000000000004,13.826,0.5,62.223729137168974,Live_YFinance
PYPL,2025-12-29,59.4900016784668,37.890071022485735,11.945784,8.691,2.7716177,14.963001,24.358,60.239,0.5,62.109928977514265,Live_YFinance
LH,2025-12-29,252.97000122070312,37.978632469635116,24.82532,13.776,2.4142506,6.2129997,10.135999,75.557,0.5,62.021367530364884,Live_YFinance
WMB,2025-12-29,59.79999923706055,38.26570346551716,30.984457,16.359,5.85299,20.462999,16.902,188.338,0.5,61.73429653448284,Live_YFinance
MCHP,2025-12-29,64.6500015258789,38.46154096955999,0.0,46.142,5.218339,-4.394,-2.854,80.841,0.5,61.53845903044001,Live_YFinance
STE,2025-12-29,256.2200012207031,38.59341652883471,36.655224,17.268,3.5860546,12.073,10.133999600000001,29.314,0.5,61.40658347116529,Live_YFinance
ON,2025-12-29,54.02000045776367,38.69731772766868,74.0,12.273,2.7696884,5.1570002,3.891,45.833,0.5,61.30268227233132,Live_YFinance
AAPL,2025-12-29,273.760009765625,39.0683209744907,36.647926,28.308,54.85073,26.915001999999998,171.42199,152.411,0.5,60.9316790255093,Live_YFinance
DVA,2025-12-29,113.5,39.235894878174946,11.713107,8.233,-14.087129,5.795999999999999,61.617999999999995,953.093,0.5,60.764105121825054,Live_YFinance
COST,2025-12-29,867.8400268554688,39.4056822923683,46.50804,28.663,12.713369,2.9610000000000003,30.325000000000003,26.968,0.5,60.5943177076317,Live_YFinance
FTNT,2025-12-29,80.81999969482422,39.47164527531911,33.25926,27.004,81.63636,28.584,228.043,148.116,0.5,60.52835472468089,Live_YFinance
LVS,2025-12-29,65.63999938964844,39.473684210526315,29.567568,13.519,28.329737,12.687999,65.65100000000001,847.509,0.5,60.526315789473685,Live_YFinance
SOLV,2025-12-29,80.08999633789062,39.61951483629621,9.2376,13.861,2.7859328,18.139,37.271,103.028,0.5,60.38048516370379,Live_YFinance
PFE,2025-12-29,25.0,39.67827677933149,14.5348835,7.764,1.5317689,15.654999,10.597999399999999,66.531,0.5,60.32172322066851,Live_YFinance
NFLX,2025-12-29,94.1500015258789,39.7674514883223,39.393303,31.463,15.3714285,24.047,42.861,65.822,0.5,60.2325485116777,Live_YFinance
ZBH,2025-12-29,90.52999877929688,39.779000479120334,22.5199,9.441,1.4065753,10.0530006,6.421,64.523,0.5,60.220999520879666,Live_YFinance
NXPI,2025-12-29,220.4600067138672,40.13648289767379,27.250927,16.053,5.533496,17.111,20.872,117.34,0.5,59.86351710232621,Live_YFinance
PSA,2025-12-29,259.32000732421875,40.46557227323749,26.956343,17.733,9.169731,39.453998,19.933,106.758,0.5,59.53442772676251,Live_YFinance
BLDR,2025-12-29,103.44999694824219,40.57357806207748,19.742367,10.131,2.6497104,3.795,13.555999,117.723,0.5,59.42642193792252,Live_YFinance
VZ,2025-12-29,40.47999954223633,40.80719214755158,8.63113,6.764,1.6248544,14.427999999999999,19.875,164.799,0.5,59.19280785244842,Live_YFinance
TTD,2025-12-29,38.38999938964844,41.30437486783347,43.625,28.17,7.1556387,15.717,16.783,14.456,0.5,58.69562513216653,Live_YFinance
TDG,2025-12-29,1315.9599609375,41.310738641422894,40.98287,22.123,-7.6593018,23.485,0.0,0.0,0.5,58.689261358577106,Live_YFinance
GPC,2025-12-29,124.41999816894531,41.63491255123421,21.414803,12.17,3.6159143,3.36,16.994,133.159,0.5,58.36508744876579,Live_YFinance
IBM,2025-12-29,305.739990234375,41.917298624416325,36.35434,22.402,10.241516,12.0900005,30.156,237.831,0.5,58.082701375583675,Live_YFinance
WAT,2025-12-29,385.1000061035156,42.115050588866616,35.330276,22.547,9.835271,20.891000000000002,32.987,66.042,0.5,57.884949411133384,Live_YFinance
VTR,2025-12-29,79.6500015258789,42.32084192253445,150.28304,23.879,3.0247219,4.2930003,2.1559998,100.11,0.5,57.67915807746555,Live_YFinance
RVTY,2025-12-29,97.11000061035156,42.446446933770055,50.0567,16.262,1.5012987,8.441,3.04,45.676,0.5,57.553553066229945,Live_YFinance
CAT,2025-12-29,578.6099853515625,42.79383954535129,29.933264,21.9,13.107627,14.338999999999999,46.283,201.046,0.5,57.20616045464871,Live_YFinance
TRMB,2025-12-29,79.98999786376953,43.014119797299635,54.78767,26.016,3.28663,9.9309996,6.131,24.038,0.5,56.985880202700365,Live_YFinance
HCA,2025-12-29,474.0199890136719,43.17787170925917,18.316074,10.417,-20.422213,8.53,0.0,0.0,0.5,56.82212829074083,Live_YFinance
MMM,2025-12-29,161.72000122070312,43.28535843043121,25.833864,15.28,18.562902,13.700000000000001,72.920996,281.904,0.5,56.71464156956879,Live_YFinance
TER,2025-12-29,197.36000061035156,43.565704217148586,72.0292,48.707,11.420635,15.495000000000001,15.767999,9.89,0.5,56.434295782851414,Live_YFinance
XEL,2025-12-29,74.12000274658203,43.68823824235669,22.597563,13.793,2.0696397,13.459,9.449000999999999,167.891,0.5,56.31176175764331,Live_YFinance
BIIB,2025-12-29,176.8300018310547,43.82906844325644,16.134125,8.391,1.4247385,15.98,9.307,36.194,0.5,56.17093155674356,Live_YFinance
DVN,2025-12-29,36.18000030517578,43.83003621129315,8.533019,3.925,1.482544,16.424999,18.586999000000002,56.274,0.5,56.16996378870685,Live_YFinance
OKE,2025-12-29,73.66000366210938,43.87659383807908,13.5404415,10.634,2.1010897,10.5790004,17.846999999999998,152.218,0.5,56.12340616192092,Live_YFinance
AMD,2025-12-29,215.61000061035156,43.87799885457054,112.296875,57.258,5.7742367,10.323,5.317,6.366,0.5,56.12200114542946,Live_YFinance
SJM,2025-12-29,99.2699966430664,43.979492511991374,0.0,10.153,1.7477419,-13.608,-17.438000000000002,131.357,0.5,56.020507488008626,Live_YFinance
PAYC,2025-12-29,160.75999450683594,44.075288010548796,19.970184,16.238,5.068415,22.645001,28.557,4.943,0.5,55.924711989451204,Live_YFinance
NKE,2025-12-29,61.209999084472656,44.101256629852394,35.79532,24.342,6.429621,5.426,17.950001,80.099,0.5,55.898743370147606,Live_YFinance
LII,2025-12-29,496.5799865722656,44.449845829737676,21.050444,16.182,16.275974,15.741,92.253995,128.035,0.5,55.550154170262324,Live_YFinance
CLX,2025-12-29,99.29000091552734,44.50402281864232,15.587128,12.395,-548.56354,11.681999999999999,443.646,2230.435,0.5,55.49597718135768,Live_YFinance
KMB,2025-12-29,101.02999877929688,44.5187210774169,17.094755,10.327,25.169407,9.983,136.88201,500.068,0.5,55.4812789225831,Live_YFinance
ROK,2025-12-29,396.4800109863281,44.51872436954023,51.827454,27.72,12.196008,10.4169995,20.282,98.275,0.5,55.48127563045977,Live_YFinance
CSCO,2025-12-29,77.79000091552734,44.579536995596285,30.03475,20.587,6.5353274,17.902,22.418,63.228,0.5,55.420463004403715,Live_YFinance
KHC,2025-12-29,24.25,44.58332770400487,0.0,7.784,0.69269884,-17.349999999999998,-9.693,50.968,0.5,55.41667229599513,Live_YFinance
CCI,2025-12-29,88.66000366210938,44.59350680166881,0.0,17.581,-25.833336,-71.931,-206.679,0.0,0.5,55.40649319833119,Live_YFinance
TECH,2025-12-29,59.2400016784668,44.77612676780732,120.89796,29.134,4.6933928,6.409,3.8,20.067,0.5,55.22387323219268,Live_YFinance
ADI,2025-12-29,275.6300048828125,44.85899532375132,60.578022,28.086,3.9911673,20.575,6.5729999999999995,26.5,0.5,55.14100467624868,Live_YFinance
APH,2025-12-29,136.89999389648438,44.9086679076858,45.63333,28.344,13.379592,18.218,34.807998,63.99,0.5,55.0913320923142,Live_YFinance
STZ,2025-12-29,138.50999450683594,44.96818074712365,20.279648,9.705,3.231986,12.705,15.912,135.429,0.5,55.03181925287635,Live_YFinance
KEYS,2025-12-29,206.85000610351562,45.131831590238676,41.12326,30.021,6.0239387,15.814,15.82,47.237,0.5,54.868168409761324,Live_YFinance
VMC,2025-12-29,292.0199890136719,45.213832989155684,34.476974,18.71,4.4133115,14.188999999999998,13.520999,56.296,0.5,54.786167010844316,Live_YFinance
AMAT,2025-12-29,263.04998779296875,45.338422014997676,30.200916,23.044,10.217915,24.669,35.508,34.533,0.5,54.661577985002324,Live_YFinance
OXY,2025-12-29,40.40999984741211,45.44688480064092,29.713234,5.418,1.4231379,8.169,5.955,62.221,0.5,54.55311519935908,Live_YFinance
MSFT,2025-12-29,487.1000061035156,45.61326818179955,34.71846,21.889,9.973383,35.707,32.241002,33.154,0.5,54.38673181820045,Live_YFinance
META,2025-12-29,658.6900024414062,45.6549976061848,29.158478,17.058,8.556638,30.891999999999996,32.643001999999996,26.311,0.5,54.3450023938152,Live_YFinance
VST,2025-12-29,161.83999633789062,45.73728121387302,58.215828,14.261,20.04707,6.701,17.31,335.784,0.5,54.26271878612698,Live_YFinance
NVR,2025-12-29,7355.259765625,45.776752971725244,16.181053,10.492,5.3047433,13.544999999999998,34.8,27.023,0.5,54.223247028274756,Live_YFinance
PEP,2025-12-29,144.24000549316406,45.90936891255089,27.422052,14.042,10.185002,7.8200005,37.162,260.19,0.5,54.09063108744911,Live_YFinance
NRG,2025-12-29,160.9600067138672,46.01165526024569,24.023882,11.757,23.443052,4.839,64.186996,615.076,0.5,53.98834473975431,Live_YFinance
O,2025-12-29,56.810001373291016,46.021853871501236,53.093456,16.028,1.3382488,17.135,2.488,73.977,0.5,53.978146128498764,Live_YFinance
CTRA,2025-12-29,26.200000762939453,46.08880899267869,12.129629,5.44,1.3600498,24.691999,11.8549995,27.957,0.5,53.91119100732131,Live_YFinance
TPL,2025-12-29,294.5299987792969,46.09511660920424,41.659122,30.031,14.843018,61.676997,39.37,1.292,0.5,53.90488339079576,Live_YFinance
QCOM,2025-12-29,173.42999267578125,46.18195994045236,34.8253,13.769,8.783488,12.512,23.34,73.767,0.5,53.81804005954764,Live_YFinance
WDAY,2025-12-29,218.99000549316406,46.30380066501115,92.40085,45.45,6.511165,6.955,7.3359996,42.719,0.5,53.69619933498885,Live_YFinance
SHW,2025-12-29,325.2300109863281,46.55048419214323,31.760744,21.734,18.113619,11.0489994,59.939,325.153,0.5,53.44951580785677,Live_YFinance
KR,2025-12-29,62.709999084472656,46.61956612533378,55.495575,8.433,5.082671,0.53600003,7.997,357.991,0.5,53.38043387466622,Live_YFinance
EVRG,2025-12-29,73.05000305175781,46.75623918319696,19.904633,11.621,1.6343745,14.45,8.454,142.45,0.5,53.24376081680304,Live_YFinance
CMS,2025-12-29,70.12999725341797,46.77686617418214,20.210373,13.318,2.469975,12.622,11.233,191.676,0.5,53.22313382581786,Live_YFinance
TT,2025-12-29,394.19000244140625,46.97566205806609,30.022087,21.527,10.510052,13.926,37.21,55.305,0.5,53.02433794193391,Live_YFinance
IRM,2025-12-29,82.62999725341797,47.11539605626188,153.01851,19.301,-27.681742,2.398,0.0,0.0,0.5,52.88460394373812,Live_YFinance
EME,2025-12-29,623.260009765625,47.12357368750972,25.253647,16.289,8.364896,6.959,37.088,12.915,0.5,52.87642631249028,Live_YFinance
GDDY,2025-12-29,126.51000213623047,47.192608116864626,21.925478,16.465,186.59293,17.013,369.454,4217.211,0.5,52.807391883135374,Live_YFinance
WMT,2025-12-29,112.52999877929688,47.374082644031276,39.346153,22.355,9.33549,3.259,23.660999999999998,66.747,0.5,52.625917355968724,Live_YFinance
TMUS,2025-12-29,203.14999389648438,47.54844419493206,19.571291,10.529,3.757236,13.826999,19.034000000000002,200.622,0.5,52.45155580506794,Live_YFinance
SLB,2025-12-29,37.900001525878906,47.60563092722466,14.689923,8.715,2.2086248,10.341000000000001,15.182,47.459,0.5,52.39436907277534,Live_YFinance
HD,2025-12-29,347.45001220703125,47.62365770812931,23.700546,16.122,28.533302,8.7740004,162.909,544.586,0.5,52.37634229187069,Live_YFinance
TEL,2025-12-29,231.8000030517578,47.66195527230167,37.568882,17.466,5.425395,10.6709994,14.618,50.102,0.5,52.33804472769833,Live_YFinance
SYK,2025-12-29,352.5,47.762389267911125,46.32063,22.641,6.1879015,12.071,14.036000000000001,78.646,0.5,52.237610732088875,Live_YFinance
IBKR,2025-12-29,65.3499984741211,47.80535018010594,31.878048,0.0,5.6994596,15.293999,23.249,145.38,0.5,52.19464981989406,Live_YFinance
LOW,2025-12-29,243.8300018310547,48.08657918779959,20.201326,14.59,-13.175727,8.045,0.0,0.0,0.5,51.91342081220041,Live_YFinance
UNP,2025-12-29,234.52999877929688,48.19372276409664,19.926083,13.672,8.039007,28.73,41.619,189.829,0.5,51.80627723590336,Live_YFinance
NEE,2025-12-29,80.2699966430664,48.21878715814506,25.482538,18.589,3.0854087,24.729,8.236,144.161,0.5,51.78121284185494,Live_YFinance
EMR,2025-12-29,135.22000122070312,48.22413256146264,33.55335,17.554,3.7521508,12.728,9.363000000000001,67.785,0.5,51.77586743853736,Live_YFinance
NSC,2025-12-29,292.04998779296875,48.2348324877011,22.276888,14.351,4.328141,24.218999999999998,20.48,116.353,0.5,51.7651675122989,Live_YFinance
MCD,2025-12-29,308.5299987792969,48.31278942232408,26.325085,19.219,-101.590385,32.04,0.0,0.0,0.5,51.68721057767592,Live_YFinance
STX,2025-12-29,281.29998779296875,48.38216896377486,36.110397,25.685,-953.5593,17.922,0.0,0.0,0.5,51.61783103622514,Live_YFinance
KKR,2025-12-29,129.4199981689453,48.50907759232955,54.378147,0.0,4.238415,10.564,7.672,74.351,0.5,51.49092240767045,Live_YFinance
Q,2025-12-29,83.58999633789062,48.530006432070884,32.02682,14.023,1.9192265,17.256,0.0,19.676,0.5,51.469993567929116,Live_YFinance
T,2025-12-29,24.770000457763672,48.58300501778387,8.068404,7.503,1.5905734,17.870001,19.139999,124.412,0.5,51.41699498221613,Live_YFinance
APTV,2025-12-29,76.79000091552734,48.76173970831121,58.17424,7.298,1.7915219,1.464,3.2939999999999996,85.425,0.5,51.23826029168879,Live_YFinance
KO,2025-12-29,70.16000366210938,49.25127770259806,23.231789,20.54,9.659921,27.339999999999996,42.442,144.771,0.5,50.74872229740194,Live_YFinance
COP,2025-12-29,92.62999725341797,49.41561475658344,13.083333,5.18,1.7630712,14.445,15.421000000000001,36.169,0.5,50.58438524341656,Live_YFinance
ADSK,2025-12-29,301.2300109863281,49.668317802534276,58.491264,36.29,22.074602,16.129999,40.333998,94.504,0.5,50.331682197465724,Live_YFinance
RJF,2025-12-29,164.08999633789062,49.709622251956084,15.931067,0.0,2.6169403,15.234,17.666,48.456,0.5,50.290377748043916,Live_YFinance
GOOGL,2025-12-29,313.55999755859375,49.835047667228565,30.953602,25.689,9.788655,32.233003,35.449999999999996,11.424,0.5,50.164952332771435,Live_YFinance
TAP,2025-12-29,46.61000061035156,49.92701957523777,0.0,6.224,0.8921769,-18.637999999999998,-17.294999999999998,61.017,0.5,50.07298042476223,Live_YFinance
GOOG,2025-12-29,314.3900146484375,49.938019004142575,31.066208,25.758,9.814567,32.233003,35.449999999999996,11.424,0.5,50.061980995857425,Live_YFinance
UHS,2025-12-29,226.11000061035156,49.94552204507998,10.762018,7.574,1.970509,8.093,20.028000000000002,70.037,0.5,50.05447795492002,Live_YFinance
HSY,2025-12-29,180.77000427246094,49.98141594075345,27.020927,17.111,8.030653,11.8360005,31.013,125.764,0.5,50.01858405924655,Live_YFinance
AEP,2025-12-29,115.7699966430664,50.22984655265248,16.95022,12.522,2.038599,17.228001000000003,12.923001000000001,152.132,0.5,49.77015344734752,Live_YFinance
CEG,2025-12-29,358.3299865722656,50.26241476919732,41.329872,19.837,7.7977495,11.026,19.839000000000002,61.51,0.5,49.73758523080268,Live_YFinance
GEHC,2025-12-29,83.1500015258789,50.27474888336325,17.21532,12.367,3.7902272,10.945,24.450001,105.127,0.5,49.72525111663675,Live_YFinance
ALGN,2025-12-29,157.83999633789062,50.31746742976721,30.589148,12.877,2.8732662,9.5010005,9.5769994,3.064,0.5,49.68253257023279,Live_YFinance
XYL,2025-12-29,138.41000366210938,50.33014051962707,35.67268,18.84,3.0072787,10.659,8.555,18.253,0.5,49.66985948037293,Live_YFinance
TYL,2025-12-29,460.7200012207031,50.58982356178799,64.07789,42.359,5.5009375,13.719000000000001,9.1680005,17.86,0.5,49.41017643821201,Live_YFinance
LDOS,2025-12-29,185.49000549316406,50.66906416708518,17.367977,12.018,4.831098,8.106,29.29,105.551,0.5,49.33093583291482,Live_YFinance
HAL,2025-12-29,28.149999618530273,50.70706697060913,18.642384,7.179,2.3258696,5.913,12.788,83.613,0.5,49.29293302939087,Live_YFinance
KMI,2025-12-29,27.3799991607666,51.351326582571396,22.442621,13.763,1.9816167,16.612,8.884,102.138,0.5,48.648673417428604,Live_YFinance
RL,2025-12-29,356.8900146484375,51.37544059923361,26.377682,17.542,8.389516,11.2840004,34.005,111.231,0.5,48.62455940076639,Live_YFinance
ROL,2025-12-29,60.77000045776367,51.45385161082795,56.268517,35.788,19.22493,14.019,36.208,59.534,0.5,48.54614838917205,Live_YFinance
ETR,2025-12-29,93.12999725341797,51.54359611914558,22.938423,12.483,2.4962475,14.21,11.187999999999999,179.362,0.5,48.45640388085442,Live_YFinance
GLW,2025-12-29,89.0,51.57667997333174,57.051285,25.0,6.2338023,9.159,12.739,76.51,0.5,48.42332002666826,Live_YFinance
CF,2025-12-29,77.6500015258789,51.71503532869442,9.3893585,5.443,2.5251212,20.472,21.967,44.133,0.5,48.28496467130558,Live_YFinance
APP,2025-12-29,698.8200073242188,51.78164157460536,82.60284,60.813,160.50069,44.879000000000005,241.886,238.274,0.5,48.21835842539464,Live_YFinance
BR,2025-12-29,227.3800048828125,51.93119455013355,29.076727,17.05,10.069974,13.112001000000001,38.214999999999996,132.063,0.5,48.06880544986645,Live_YFinance
FICO,2025-12-29,1771.68994140625,52.00757172733409,66.655,46.832,-24.116766,32.747,0.0,0.0,0.5,47.99242827266591,Live_YFinance
FE,2025-12-29,44.88999938964844,52.0231131024963,19.517391,11.766,2.026179,9.312,11.192001,193.669,0.5,47.9768868975037,Live_YFinance
ADM,2025-12-29,58.220001220703125,52.02900273386425,23.666666,14.374,1.2423447,1.429,5.242,40.467,0.5,47.97099726613575,Live_YFinance
TDY,2025-12-29,516.27001953125,52.39807490180893,29.946056,18.139,2.2951863,13.616,8.126999999999999,23.989,0.5,47.60192509819107,Live_YFinance
HUM,2025-12-29,258.3399963378906,52.5276149230479,24.143925,5.702,1.6775324,1.022,7.159,69.686,0.5,47.4723850769521,Live_YFinance
PLTR,2025-12-29,184.17999267578125,52.542039520566775,418.59088,494.239,66.611206,28.114,19.503999999999998,3.52,0.5,47.457960479433225,Live_YFinance
BXP,2025-12-29,69.01000213623047,52.765001059151636,0.0,15.73,2.186421,-5.8509998,-1.883,231.148,0.5,47.234998940848364,Live_YFinance
MOS,2025-12-29,24.059999465942383,52.93296070782863,6.2984295,5.475,0.59752643,10.334,10.1169996,37.134,0.5,47.06703929217137,Live_YFinance
PTC,2025-12-29,175.58999633789062,53.07610304062117,28.879934,19.953,5.485645,26.795997999999997,20.849999999999998,35.802,0.5,46.92389695937883,Live_YFinance
NVDA,2025-12-29,188.22000122070312,53.096727129602726,47.17293,40.641,38.47506,53.007000000000005,107.35900000000001,9.102,0.5,46.903272870397274,Live_YFinance
MDLZ,2025-12-29,55.040000915527344,53.2110469007695,20.614231,16.223,2.7129338,9.379999999999999,13.100999999999999,83.621,0.5,46.7889530992305,Live_YFinance
CMI,2025-12-29,514.6400146484375,53.33846363436711,26.665287,14.731,5.8885317,7.9450004000000005,22.767,62.949,0.5,46.66153636563289,Live_YFinance
BRK-B,2025-12-29,501.04998779296875,53.40704146763021,15.921513,-2.421,0.0010325087,18.129,10.17,18.166,0.5,46.59295853236979,Live_YFinance
DE,2025-12-29,470.239990234375,53.57075425449961,25.445887,21.469,4.899048,11.017000000000001,20.427999,248.418,0.5,46.42924574550039,Live_YFinance
DD,2025-12-29,40.88999938964844,53.69925945618191,23.635838,7.587,0.74812007,-6.0110003,3.2169999999999996,39.673,0.5,46.30074054381809,Live_YFinance
CARR,2025-12-29,53.61000061035156,53.961765435470056,33.50625,15.451,3.118311,18.052,9.98,83.159,0.5,46.038234564529944,Live_YFinance
COR,2025-12-29,340.25,54.04056703730316,42.744976,14.822,43.75643,0.484,123.751,534.1,0.5,45.95943296269684,Live_YFinance
ADP,2025-12-29,259.6099853515625,54.0492774019981,25.65316,17.59,16.49155,19.788,70.572996,154.917,0.5,45.9507225980019,Live_YFinance
F,2025-12-29,13.279999732971191,54.06974681073792,11.350428,19.033,1.1165293,2.4820002,10.295,346.673,0.5,45.93025318926208,Live_YFinance
DPZ,2025-12-29,421.25,54.21685636181757,24.881866,20.716,-3.7318392,12.159,0.0,0.0,0.5,45.78314363818243,Live_YFinance
CBOE,2025-12-29,256.1099853515625,54.27386030692688,27.538708,17.968,5.4859157,21.287,21.621001,32.645,0.5,45.72613969307312,Live_YFinance
EXC,2025-12-29,43.630001068115234,54.28570805763033,15.637994,11.506,1.5679017,11.6009995,10.308,177.601,0.5,45.71429194236967,Live_YFinance
CNP,2025-12-29,38.41999816894531,54.31750997239395,24.316454,13.621,2.2731037,11.366999999999999,9.606,202.111,0.5,45.68249002760605,Live_YFinance
PH,2025-12-29,890.5499877929688,54.679974964242135,31.748663,23.417,8.156788,18.178,27.294,74.953,0.5,45.320025035757865,Live_YFinance
FAST,2025-12-29,41.290000915527344,54.73889255765393,38.588783,26.704,12.17276,15.336001,32.742,13.283,0.5,45.26110744234607,Live_YFinance
DOW,2025-12-29,23.350000381469727,54.81335893952879,0.0,9.297,0.9461485,-2.769,-5.287,102.943,0.5,45.18664106047121,Live_YFinance
D,2025-12-29,59.25,54.827185938627444,19.362745,13.517,1.8950903,16.790001,9.203999999999999,154.315,0.5,45.172814061372556,Live_YFinance
DTE,2025-12-29,129.63999938964844,55.02673369738824,19.407187,14.522,2.2145164,9.3439996,11.658,207.975,0.5,44.97326630261176,Live_YFinance
IR,2025-12-29,80.9000015258789,55.15231346674637,60.373135,18.185,3.1576893,7.309,5.382,47.62,0.5,44.84768653325363,Live_YFinance
HUBB,2025-12-29,451.3900146484375,55.39537196715727,28.247185,18.861,6.5164795,15.123000000000001,24.991,58.21,0.5,44.60462803284273,Live_YFinance
ISRG,2025-12-29,575.4000244140625,55.475494816211125,76.313,58.629,12.062135,28.577997999999997,16.902,0.0,0.5,44.524505183788875,Live_YFinance
DASH,2025-12-29,231.00999450683594,55.49212415720026,117.862236,97.805,10.483776,6.83,10.0430004,34.255,0.5,44.50787584279974,Live_YFinance
SNA,2025-12-29,351.0,55.53819404770066,18.415531,13.058,3.1367571,19.827999,18.330999000000002,22.27,0.5,44.46180595229934,Live_YFinance
CSGP,2025-12-29,67.5999984741211,55.56527710540463,1126.6666,174.938,3.322847,0.664,0.252,13.126,0.5,44.43472289459537,Live_YFinance
CPAY,2025-12-29,308.9700012207031,55.69235373966679,21.047003,12.379,5.309767,24.365999,29.097,201.153,0.5,44.30764626033321,Live_YFinance
PAYX,2025-12-29,114.0,55.71114207099107,25.791855,15.521,10.546766,26.445999999999998,40.884998,129.814,0.5,44.28885792900893,Live_YFinance
ALLE,2025-12-29,161.35000610351562,55.71887465191212,21.745283,16.471,7.1308613,16.092000000000002,36.411,116.084,0.5,44.28112534808788,Live_YFinance
ROP,2025-12-29,450.8399963378906,55.73772298904961,31.049585,18.9,2.4272377,20.337,8.1549995,47.288,0.5,44.26227701095039,Live_YFinance
ATO,2025-12-29,168.77999877929688,55.78873638123653,22.534046,15.671,2.0112011,25.490000000000002,9.322999999999999,68.616,0.5,44.21126361876347,Live_YFinance
GD,2025-12-29,340.4800109863281,55.8036736696043,22.080416,15.97,3.7583892,8.182999500000001,17.782,40.419,0.5,44.1963263303957,Live_YFinance
UNH,2025-12-29,328.94000244140625,55.88236485063788,17.150156,12.316,3.1112792,4.042,17.476,75.734,0.5,44.11763514936212,Live_YFinance
IQV,2025-12-29,227.11000061035156,55.88820389692464,31.23934,17.786,6.2787867,8.067001,19.374001,242.366,0.5,44.11179610307536,Live_YFinance
DLTR,2025-12-29,123.93000030517578,55.94059243894155,23.47159,14.819,7.1785216,-15.397,20.066999,221.055,0.5,44.05940756105845,Live_YFinance
HRL,2025-12-29,24.170000076293945,55.97013438246836,27.781609,12.806,1.6827961,3.95,6.002,38.22,0.5,44.02986561753164,Live_YFinance
FDS,2025-12-29,293.42999267578125,55.98899354547345,18.58328,13.326,5.0634155,25.399,28.831,71.961,0.5,44.01100645452655,Live_YFinance
FSLR,2025-12-29,268.25,56.146279449342856,20.57132,13.767,3.192958,27.728,16.864,9.893,0.5,43.853720550657144,Live_YFinance
HPE,2025-12-29,24.329999923706055,56.16155710144394,0.0,11.53,1.2991937,0.166,0.22999999999999998,97.265,0.5,43.83844289855606,Live_YFinance
WEC,2025-12-29,105.7300033569336,56.20999695214874,20.024622,14.828,2.5348232,17.748,12.806999999999999,151.448,0.5,43.79000304785126,Live_YFinance
KLAC,2025-12-29,1260.3900146484375,56.282475544800825,39.52305,30.13,33.25129,33.828998,99.167997,122.127,0.5,43.717524455199175,Live_YFinance
CHTR,2025-12-29,209.0399932861328,56.37525743406651,5.7970047,5.81,1.7634702,9.2939995,31.326999999999998,497.907,0.5,43.62474256593349,Live_YFinance
LYB,2025-12-29,43.45000076293945,56.521757620578796,0.0,10.249,1.3193454,-3.198,-10.584,124.319,0.5,43.478242379421204,Live_YFinance
PNR,2025-12-29,105.80000305175781,56.6069974425617,26.92112,17.452,4.5773125,15.844,17.966999,44.76,0.5,43.3930025574383,Live_YFinance
CAG,2025-12-29,17.459999084472656,56.65396068397639,0.0,8.146,1.032342,-0.8719999,-1.16,94.229,0.5,43.34603931602361,Live_YFinance
SBUX,2025-12-29,85.56999969482422,56.6748949072142,52.17683,21.984,-12.014883,4.992,0.0,0.0,0.5,43.3251050927858,Live_YFinance
HAS,2025-12-29,82.83000183105469,56.75678626075956,0.0,13.671,28.60152,-12.814,-62.839,771.392,0.5,43.24321373924044,Live_YFinance
AES,2025-12-29,14.130000114440918,56.78392537768346,9.296053,14.618,2.6036484,8.74,5.106,302.896,0.5,43.21607462231654,Live_YFinance
JPM,2025-12-29,323.75,56.79720765514445,16.027227,0.0,2.5908914,34.699999999999996,16.436999999999998,0.0,0.5,43.20279234485555,Live_YFinance
CVX,2025-12-29,150.99000549316406,56.83453171597417,21.236288,9.118,1.6014383,6.7669999999999995,7.316000000000001,21.239,0.5,43.16546828402583,Live_YFinance
TRGP,2025-12-29,183.92999267578125,56.85883545971433,24.821861,12.25,14.598777,9.949,49.85,615.121,0.5,43.14116454028567,Live_YFinance
CSX,2025-12-29,36.720001220703125,56.877368229982075,23.844158,13.394,5.3613667,20.548001,22.589001,155.283,0.5,43.122631770017925,Live_YFinance
GEV,2025-12-29,663.4600219726562,57.00512762268301,107.52998,59.499,20.82031,4.5229997,16.723,11.101,0.5,42.99487237731699,Live_YFinance
PGR,2025-12-29,228.50999450683594,57.01914295335039,12.5486,9.82,3.777899,12.579,34.223998,19.455,0.5,42.98085704664961,Live_YFinance
MS,2025-12-29,179.94000244140625,57.02033384793118,18.455385,0.0,2.8569613,23.606001,15.135000000000002,420.553,0.5,42.97966615206882,Live_YFinance
SNPS,2025-12-29,478.9700012207031,57.037908816991596,59.49938,77.264,3.1448288,18.886,7.16,50.459,0.5,42.962091183008404,Live_YFinance
WDC,2025-12-29,179.67999267578125,57.10185640459366,25.307041,0.0,10.436803,25.459,29.707,0.0,0.5,42.89814359540634,Live_YFinance
INCY,2025-12-29,99.29000091552734,57.15075916928457,16.828814,12.66,4.1868014,24.695,30.389,0.887,0.5,42.84924083071543,Live_YFinance
ITW,2025-12-29,252.22999572753906,57.30055302238662,24.440891,17.692,22.80973,19.052,91.683,278.654,0.5,42.69944697761338,Live_YFinance
TSLA,2025-12-29,459.6400146484375,57.32438739191874,312.68027,144.25,19.105495,5.314,6.7909999999999995,17.082,0.5,42.67561260808126,Live_YFinance
SNDK,2025-12-29,244.25,57.39952706168616,0.0,67.64,3.82741,-22.365,-16.181,16.661,0.5,42.60047293831384,Live_YFinance
AWK,2025-12-29,130.9499969482422,57.43280666977613,22.973684,14.735,2.34266,21.933001,10.456999999999999,140.983,0.5,42.56719333022387,Live_YFinance
ANET,2025-12-29,134.14999389648438,57.4733027644575,51.0076,43.263,14.186759,39.73,31.735999999999997,0.0,0.5,42.5266972355425,Live_YFinance
WAB,2025-12-29,217.16000366210938,57.524280496854956,31.841642,18.371,3.3592176,10.940999999999999,11.147001,51.131,0.5,42.475719503145044,Live_YFinance
MO,2025-12-29,57.619998931884766,57.55446919823502,10.996183,9.436,-36.560913,43.980000000000004,0.0,0.0,0.5,42.44553080176498,Live_YFinance
NI,2025-12-29,41.93000030517578,57.721547593064386,22.068422,13.697,2.1941392,14.155000000000001,9.073,140.579,0.5,42.278452406935614,Live_YFinance
TROW,2025-12-29,104.52999877929688,57.729603962410366,11.399127,7.444,2.1137242,28.892002,18.67,4.09,0.5,42.270396037589634,Live_YFinance
LNT,2025-12-29,65.41999816894531,57.84312625520314,20.572327,15.005,2.301414,19.139,11.461,163.145,0.5,42.15687374479686,Live_YFinance
GIS,2025-12-29,46.91999816894531,57.89472693551909,10.090322,10.77,2.6872852,13.51,27.173000000000002,147.23,0.5,42.10527306448091,Live_YFinance
DECK,2025-12-29,103.70999908447266,57.92142013115984,15.319055,10.709,6.1439576,19.364001000000002,43.312,14.22,0.5,42.07857986884016,Live_YFinance
WST,2025-12-29,275.6000061035156,58.01773713434799,40.82963,24.335,6.4937205,16.293,16.945,9.93,0.5,41.98226286565201,Live_YFinance
SBAC,2025-12-29,193.69000244140625,58.089564910829544,24.394207,19.387,-4.1915174,30.724,0.0,0.0,0.5,41.910435089170456,Live_YFinance
BX,2025-12-29,155.1300048828125,58.25286420097099,44.706055,0.0,14.468383,21.17,26.457000000000004,65.942,0.5,41.74713579902901,Live_YFinance
AOS,2025-12-29,68.08000183105469,58.25933178396471,18.350405,12.15,5.139277,13.850999999999999,28.209,12.063,0.5,41.74066821603529,Live_YFinance
MLM,2025-12-29,637.27001953125,58.26297122532809,32.78138,19.238,3.9478023,16.688,12.523000000000001,60.618,0.5,41.73702877467191,Live_YFinance
ULTA,2025-12-29,604.6400146484375,58.41378391461515,23.201843,15.755,10.219383,9.932,47.967,97.784,0.5,41.58621608538485,Live_YFinance
JBL,2025-12-29,234.97000122070312,58.470818958574974,36.88697,11.782,18.706314,2.26,47.823003,250.037,0.5,41.529181041425026,Live_YFinance
ARES,2025-12-29,169.0500030517578,58.51298315145922,71.32912,40.905,12.361071,12.145001,17.087999,147.431,0.5,41.48701684854078,Live_YFinance
DXCM,2025-12-29,67.47000122070312,58.52533978937243,37.692738,25.053,9.652361,15.958998999999999,30.635,94.479,0.5,41.47466021062757,Live_YFinance
PRU,2025-12-29,113.33000183105469,58.7259983782553,15.524657,15.959,1.2356353,4.537999999999999,8.5,148.723,0.5,41.2740016217447,Live_YFinance
GS,2025-12-29,892.1799926757812,58.890817185035814,18.11533,0.0,2.5635955,29.073998,13.532,586.142,0.5,41.109182814964186,Live_YFinance
ERIE,2025-12-29,287.42999267578125,58.89308326678266,23.179838,17.46,6.5095687,16.038,30.444,2.353,0.5,41.10691673321734,Live_YFinance
ROST,2025-12-29,180.72000122070312,58.90201617605951,28.2375,19.164,9.943329,9.47,37.425000000000004,88.181,0.5,41.09798382394049,Live_YFinance
DAL,2025-12-29,69.52999877929688,58.96043600652494,9.806769,7.902,2.3960989,7.356999999999999,28.514,117.299,0.5,41.03956399347506,Live_YFinance
RSG,2025-12-29,214.52000427246094,59.00584205656096,31.827894,15.402,5.601922,12.767999999999999,18.249000000000002,113.763,0.5,40.99415794343904,Live_YFinance
ES,2025-12-29,67.19999694824219,59.113704402875506,18.563536,11.984,1.5726287,10.2189995,8.61,184.357,0.5,40.886295597124494,Live_YFinance
GRMN,2025-12-29,205.60000610351562,59.152518106425305,25.320198,18.904,4.665411,22.625999,19.655001,2.342,0.5,40.847481893574695,Live_YFinance
VLTO,2025-12-29,101.5,59.233764141151084,27.884615,19.555,8.852259,16.746001,37.978,100.772,0.5,40.766235858848916,Live_YFinance
AXON,2025-12-29,580.5499877929688,59.235061476934185,185.47922,638.573,15.126761,10.0509994,10.027999999999999,69.33,0.5,40.764938523065815,Live_YFinance
SWK,2025-12-29,75.13999938964844,59.25432086725163,25.910343,12.368,1.2960982,2.8920000000000003,4.918,78.538,0.5,40.74567913274837,Live_YFinance
ACN,2025-12-29,271.3399963378906,59.27916057698046,22.424793,13.37,5.409274,10.7609995,25.016,25.694,0.5,40.72083942301954,Live_YFinance
AFL,2025-12-29,109.95999908447266,59.31374272308336,14.449409,11.729,2.0150266,23.552,15.58,50.003,0.5,40.68625727691664,Live_YFinance
EL,2025-12-29,106.69999694824219,59.36007094534527,0.0,22.199,9.884205,-6.4380005,-20.727,242.211,0.5,40.63992905465473,Live_YFinance
DHR,2025-12-29,230.6300048828125,59.37263545089198,47.357292,23.534,3.1895504,14.435,6.843000000000001,35.544,0.5,40.62736454910802,Live_YFinance
ABT,2025-12-29,124.56999969482422,59.379755755094884,15.649497,18.912,4.2511005,31.879999999999995,30.620000000000005,25.31,0.5,40.620244244905116,Live_YFinance
AMZN,2025-12-29,232.07000732421875,59.54312463349951,32.917732,18.268,6.7097464,11.063,24.326999999999998,43.405,0.5,40.45687536650049,Live_YFinance
FISV,2025-12-29,67.27999877929688,59.67537458793184,10.398764,0.0,1.4382215,0.0,0.0,0.0,0.5,40.32462541206816,Live_YFinance
EXPD,2025-12-29,151.05999755859375,59.70338378596411,24.64274,17.039,8.877526,7.571,36.505002,24.549,0.5,40.29661621403589,Live_YFinance
EA,2025-12-29,204.27000427246094,59.736906564084855,59.553936,33.194,8.488967,12.1429995,13.200999999999999,36.65,0.5,40.263093435915145,Live_YFinance
JNJ,2025-12-29,207.55999755859375,59.756902044998384,20.03475,16.524,6.299815,27.259,33.619,57.766,0.5,40.243097955001616,Live_YFinance
EXR,2025-12-29,130.74000549316406,59.84164998742046,29.248325,18.663,2.0377502,27.735,6.7860000000000005,94.252,0.5,40.15835001257954,Live_YFinance
SRE,2025-12-29,88.91000366210938,59.84913102588304,27.356924,17.967,1.8623406,15.754000000000001,6.77,81.287,0.5,40.15086897411696,Live_YFinance
DUK,2025-12-29,117.5199966430664,59.879686513760085,18.507086,11.44,1.8108972,15.972,9.905,170.344,0.5,40.120313486239915,Live_YFinance
SO,2025-12-29,87.54000091552734,59.91985316096106,21.77612,12.283,2.7538693,15.421999999999999,11.429,192.679,0.5,40.08014683903894,Live_YFinance
BSX,2025-12-29,95.76000213623047,59.95854481046399,51.208557,30.165,6.0676723,14.430000000000001,12.488000000000001,50.973,0.5,40.04145518953601,Live_YFinance
MSI,2025-12-29,377.2799987792969,60.049138776021316,30.303616,21.482,27.027725,18.704,115.16999999999999,423.891,0.5,39.950861223978684,Live_YFinance
GPN,2025-12-29,80.04000091552734,60.16618524092142,12.145675,7.642,0.8354732,17.365,7.2330000000000005,69.198,0.5,39.83381475907858,Live_YFinance
BK,2025-12-29,117.47000122070312,60.20201189876799,16.95094,0.0,2.0981283,26.568002,12.1520005,0.0,0.5,39.79798810123201,Live_YFinance
DRI,2025-12-29,186.91000366210938,60.293254948252155,19.612803,14.975,10.412813,8.924,54.104,398.717,0.5,39.706745051747845,Live_YFinance
IEX,2025-12-29,180.00999450683594,60.315022291141695,28.482594,16.145,3.3656163,13.974,12.197,48.121,0.5,39.684977708858305,Live_YFinance
AMCR,2025-12-29,8.449999809265137,60.41665631863847,27.258064,13.812,1.6620771,3.345,7.467,134.68,0.5,39.58334368136153,Live_YFinance
INTU,2025-12-29,674.1500244140625,60.438309540105095,46.30151,0.0,9.717197,21.191,21.987000000000002,0.0,0.5,39.561690459894905,Live_YFinance
PNW,2025-12-29,88.87000274658203,60.45885482947642,18.323711,12.242,1.4839367,11.198,8.7749995,197.565,0.5,39.54114517052358,Live_YFinance
AEE,2025-12-29,100.26000213623047,60.50956590194525,19.280771,13.355,2.1220846,16.34,11.387,155.736,0.5,39.49043409805475,Live_YFinance
NUE,2025-12-29,165.47999572753906,60.53168617441204,23.241573,10.898,1.8233706,5.185,9.014,31.248,0.5,39.46831382558796,Live_YFinance
PCAR,2025-12-29,111.44000244140625,60.556047805052565,21.85098,17.161,3.021856,9.1120005,14.151,82.453,0.5,39.443952194947435,Live_YFinance
WBD,2025-12-29,28.790000915527344,60.743813594722475,151.52632,13.128,1.9799188,1.281,0.9690000000000001,89.857,0.5,39.256186405277525,Live_YFinance
SOLS,2025-12-29,49.290000915527344,60.88778998829711,50.295918,7.988,2.4236615,8.631,0.0,13.581,0.5,39.11221001170289,Live_YFinance
PFG,2025-12-29,89.04000091552734,60.997990872688455,13.055718,8.146,1.683144,9.9580005,13.767,34.137,0.5,39.002009127311545,Live_YFinance
MET,2025-12-29,79.98999786376953,61.066029203881705,15.06403,12.645,1.8260056,5.3400002,12.798001000000001,163.999,0.5,38.933970796118295,Live_YFinance
MTD,2025-12-29,1419.469970703125,61.15864100648179,35.460155,26.001,-116.359535,21.201999999999998,0.0,0.0,0.5,38.84135899351821,Live_YFinance
EPAM,2025-12-29,211.63999938964844,61.43511215957789,32.262196,15.231,3.1359649,7.014999500000001,10.206999999999999,4.165,0.5,38.56488784042211,Live_YFinance
URI,2025-12-29,819.510009765625,61.457167259382175,21.09964,14.951,5.8063626,15.826,28.781000000000002,169.022,0.5,38.542832740617825,Live_YFinance
BLK,2025-12-29,1088.4000244140625,61.49559496439693,28.008234,19.68,3.041073,26.638,12.0740004,24.32,0.5,38.50440503560307,Live_YFinance
MAS,2025-12-29,64.5999984741211,61.505359848593606,16.521738,11.269,-171.80852,10.885999,563.87095,1888.69,0.5,38.494640151406394,Live_YFinance
AMGN,2025-12-29,329.6300048828125,61.51948700907912,25.513159,13.617,18.453226,19.474000999999998,81.71000000000001,567.491,0.5,38.48051299092088,Live_YFinance
OTIS,2025-12-29,87.94999694824219,61.8369794262647,25.867645,16.502,-6.321426,9.413,0.0,0.0,0.5,38.1630205737353,Live_YFinance
BDX,2025-12-29,195.16000366210938,61.85092651757189,33.532646,12.066,2.1937459,7.683,6.544,78.85,0.5,38.14907348242811,Live_YFinance
BAC,2025-12-29,55.349998474121094,61.8657528054532,15.12295,0.0,1.4584595,29.224002,9.871,0.0,0.5,38.1342471945468,Live_YFinance
DAY,2025-12-29,69.22000122070312,62.025340904701196,0.0,104.726,4.1099634,-7.912,-5.7059999999999995,45.53,0.5,37.974659095298804,Live_YFinance
VICI,2025-12-29,28.299999237060547,62.08772632931741,10.679245,12.992,1.0930016,70.175004,10.357001,62.925,0.5,37.91227367068259,Live_YFinance
TJX,2025-12-29,156.47000122070312,62.135904024651055,34.46476,23.167,18.565495,8.6789995,58.396,140.977,0.5,37.864095975348945,Live_YFinance
GEN,2025-12-29,27.579999923706055,62.171052837966286,30.644445,12.966,6.9261675,12.742999999999999,25.027,356.98,0.5,37.828947162033714,Live_YFinance
IVZ,2025-12-29,26.84000015258789,62.23279545461753,18.258503,13.08,1.0865078,16.691,6.904000000000001,10.983,0.5,37.76720454538247,Live_YFinance
KIM,2025-12-29,20.389999389648438,62.248971065748385,24.566265,17.068,1.3167582,28.243000000000002,5.6700002,78.195,0.5,37.751028934251615,Live_YFinance
IP,2025-12-29,39.86000061035156,62.25051214718269,0.0,14.932,1.2150958,-5.256,-4.2779997,61.477,0.5,37.74948785281731,Live_YFinance
CRM,2025-12-29,266.2300109863281,62.38937254006278,35.592247,21.165,4.17832,17.913,12.184000000000001,19.385,0.5,37.61062745993722,Live_YFinance
HON,2025-12-29,197.08999633789062,62.4268756892294,20.834038,15.457,7.4562097,15.07,34.616002,215.247,0.5,37.5731243107706,Live_YFinance
TMO,2025-12-29,585.0700073242188,62.442155611180276,33.780025,23.116,4.3085747,15.021999999999998,13.116998999999998,69.75,0.5,37.557844388819724,Live_YFinance
LRCX,2025-12-29,175.8699951171875,62.44548419522566,38.737885,32.284,21.725756,29.657,62.261003,43.991,0.5,37.55451580477434,Live_YFinance
GILD,2025-12-29,124.91000366210938,62.5881232866689,19.306028,12.102,7.2023296,27.882,40.706003,116.243,0.5,37.4118767133311,Live_YFinance
EBAY,2025-12-29,87.73999786376953,62.87225448119162,19.454544,15.433,8.441408,20.366,42.430001,151.155,0.5,37.12774551880838,Live_YFinance
CME,2025-12-29,278.4200134277344,62.99943761617948,26.952566,22.607,3.5540411,58.946997,13.346,13.372,0.5,37.00056238382052,Live_YFinance
PLD,2025-12-29,128.47999572753906,63.10290645245922,37.348835,24.632,2.2695637,35.243,5.963,62.789,0.5,36.89709354754078,Live_YFinance
STLD,2025-12-29,172.8800048828125,63.12305960016994,23.267834,14.794,2.8090017,6.39,12.550999,42.166,0.5,36.87694039983006,Live_YFinance
MRNA,2025-12-29,31.149999618530273,63.24999705950513,0.0,-2.587,1.3054229,-139.606,-29.317,7.867,0.5,36.75000294049487,Live_YFinance
TTWO,2025-12-29,255.6999969482422,63.26402773698134,0.0,63.391,13.76137,-64.265,-86.60900000000001,102.325,0.5,36.73597226301866,Live_YFinance
NWSA,2025-12-29,26.25,63.26529817848475,31.626507,13.982,1.7005701,13.8,7.025000500000001,31.439,0.5,36.73470182151525,Live_YFinance
UAL,2025-12-29,111.44999694824219,63.27855059653263,11.178535,6.796,2.5215502,5.643,25.588,218.897,0.5,36.72144940346737,Live_YFinance
ELV,2025-12-29,348.3800048828125,63.31486942332599,14.202201,8.229,1.7599039,2.8399997999999997,12.568999999999999,72.823,0.5,36.68513057667401,Live_YFinance
LHX,2025-12-29,295.92999267578125,63.54839064598266,31.854681,16.437,2.8357735,8.091,9.1309994,60.629,0.5,36.45160935401734,Live_YFinance
XOM,2025-12-29,120.52999877929688,63.68008470785562,17.518894,8.724,1.9507655,9.1809995,11.424,15.672,0.5,36.31991529214438,Live_YFinance
TSN,2025-12-29,58.58000183105469,63.689094306189986,44.045113,10.355,1.1434261,0.8710000000000001,2.76,53.19,0.5,36.310905693810014,Live_YFinance
AXP,2025-12-29,375.32000732421875,63.76107936045819,25.566757,0.0,7.9772153,16.143999,33.935001,185.273,0.5,36.23892063954181,Live_YFinance
SYY,2025-12-29,74.45999908447266,63.77951431441245,19.962465,11.054,17.240103,2.2110000000000003,83.46000000000001,690.715,0.5,36.22048568558755,Live_YFinance
VRSK,2025-12-29,224.74000549316406,63.794435440302536,34.628662,22.481,83.14465,30.418,268.133,1295.046,0.5,36.205564559697464,Live_YFinance
FFIV,2025-12-29,259.42999267578125,63.85867977535502,21.985592,16.07,4.1662116,22.421,20.602,7.288,0.5,36.14132022464498,Live_YFinance
DOV,2025-12-29,199.02999877929688,63.864052016399796,25.915365,16.324,3.5623133,28.370002,15.883,40.076,0.5,36.135947983600204,Live_YFinance
APD,2025-12-29,247.85000610351562,63.97442796689037,0.0,98.53,3.6717975,-3.277,-1.923,106.228,0.5,36.02557203310963,Live_YFinance
MGM,2025-12-29,37.15999984741211,64.11044613869717,185.8,17.405,3.7802646,0.40299999999999997,10.293,913.283,0.5,35.88955386130283,Live_YFinance
LYV,2025-12-29,144.57000732421875,64.15179216084763,105.52555,17.405,63.79965,3.659,56.36,473.811,0.5,35.848207839152366,Live_YFinance
NWS,2025-12-29,29.799999237060547,64.28569806676627,35.903614,15.768,1.9305519,13.8,7.025000500000001,31.439,0.5,35.71430193323373,Live_YFinance
TGT,2025-12-29,98.0999984741211,64.44953556525076,11.890909,7.653,2.8655722,3.576,25.094998,132.062,0.5,35.550464434749244,Live_YFinance
BRO,2025-12-29,80.86000061035156,64.47840924528069,24.50303,18.583,2.2000325,18.691999,10.695,64.746,0.5,35.52159075471931,Live_YFinance
FTV,2025-12-29,56.150001525878906,64.511475589537,22.1063,12.295,2.741967,9.621,10.364999599999999,52.244,0.5,35.488524410463,Live_YFinance
BMY,2025-12-29,54.11000061035156,64.55850514666118,18.404762,7.532,5.938323,12.572,33.777002,274.414,0.5,35.441494853338824,Live_YFinance
IFF,2025-12-29,67.76000213623047,64.73384389180785,0.0,13.369,1.2194947,-4.2630002000000005,-3.232,46.872,0.5,35.26615610819215,Live_YFinance
WSM,2025-12-29,187.13999938964844,64.78277499835737,20.610132,13.6,10.895435,14.297,56.918997000000005,70.88,0.5,35.21722500164263,Live_YFinance
NOC,2025-12-29,577.780029296875,64.80806877625699,20.790932,14.891,5.1602244,9.819999,26.151999999999997,109.401,0.5,35.19193122374301,Live_YFinance
EQIX,2025-12-29,765.0,64.94931209005102,70.44199,24.07,5.3057203,11.799999999999999,7.7,147.969,0.5,35.05068790994898,Live_YFinance
JBHT,2025-12-29,197.5500030517578,65.09064499411411,34.237434,13.228,5.2663145,4.753,15.126000000000001,53.131,0.5,34.909355005885885,Live_YFinance
EW,2025-12-29,86.94000244140625,65.12707022670628,37.96507,26.459,4.947081,23.249,13.492,6.862,0.5,34.87292977329372,Live_YFinance
ALL,2025-12-29,208.66000366210938,65.38917404887388,6.7658887,5.465,2.1435323,12.533,34.469001999999996,29.43,0.5,34.61082595112612,Live_YFinance
ECL,2025-12-29,265.5199890136719,65.5667246142894,38.14942,21.43,11.318953,12.489,21.869,103.915,0.5,34.4332753857106,Live_YFinance
ADBE,2025-12-29,353.1600036621094,65.60004123272279,21.185364,15.452,12.670326,29.997,55.425999999999995,57.197,0.5,34.39995876727721,Live_YFinance
ODFL,2025-12-29,159.55999755859375,65.97727891493206,32.04016,19.061,7.83809,18.967,25.058999999999997,1.994,0.5,34.02272108506794,Live_YFinance
TXT,2025-12-29,88.73999786376953,65.97971954034844,19.417942,11.816,2.0860367,5.809,11.465,55.332,0.5,34.02028045965156,Live_YFinance
CVS,2025-12-29,80.0199966430664,66.02385497854453,210.57893,11.678,1.393494,0.11999999,0.57800002,111.821,0.5,33.976145021455466,Live_YFinance
AKAM,2025-12-29,88.23999786376953,66.15044434504469,25.876831,14.319,2.6809258,12.262998999999999,10.642,110.548,0.5,33.84955565495531,Live_YFinance
AVB,2025-12-29,183.89999389648438,66.54396448967961,22.426828,18.73,2.1785743,38.122,9.754,73.165,0.5,33.45603551032039,Live_YFinance
JKHY,2025-12-29,186.4199981689453,66.68714303131478,28.331306,20.526,6.222504,19.865,23.45,3.17,0.5,33.312856968685225,Live_YFinance
CINF,2025-12-29,164.99000549316406,66.6928380124925,12.266915,8.893,1.6706834,17.569000000000003,14.529,5.732,0.5,33.3071619875075,Live_YFinance
VRTX,2025-12-29,459.7799987792969,66.7106301068691,32.356087,23.981,6.741939,31.349,22.307,10.594,0.5,33.289369893130896,Live_YFinance
CL,2025-12-29,79.69000244140625,66.76029574597278,22.32213,14.872,75.03767,14.469999999999999,293.635,680.048,0.5,33.23970425402722,Live_YFinance
ESS,2025-12-29,262.989990234375,66.88614623166936,19.999239,19.234,3.0077655,44.167,15.987000000000002,115.144,0.5,33.11385376833064,Live_YFinance
INVH,2025-12-29,27.739999771118164,67.0441168598683,28.895834,16.889,1.7666539,21.805,6.0,85.691,0.5,32.955883140131704,Live_YFinance
KVUE,2025-12-29,17.190000534057617,67.20001220703125,22.92,11.551,3.0967393,9.55,13.469000000000001,85.659,0.5,32.79998779296875,Live_YFinance
AME,2025-12-29,208.69000244140625,67.23950839345261,32.916405,22.209,4.5637245,20.502001,14.632000000000001,26.09,0.5,32.76049160654739,Live_YFinance
RCL,2025-12-29,282.69000244140625,67.29350808713735,19.01076,15.571,7.6244035,23.318,46.677,203.878,0.5,32.706491912862646,Live_YFinance
ABBV,2025-12-29,230.83999633789062,67.35617310547534,174.87878,15.963,-154.40802,4.004,137.961,0.0,0.5,32.643826894524665,Live_YFinance
MTB,2025-12-29,204.67999267578125,67.73017870502639,12.642371,0.0,1.200927,30.54,9.628,0.0,0.5,32.26982129497361,Live_YFinance
JCI,2025-12-29,121.70999908447266,67.73853639388778,46.277565,22.266,5.7537937,13.947000000000001,11.373999999999999,86.383,0.5,32.261463606112216,Live_YFinance
BAX,2025-12-29,19.25,67.75242518790779,0.0,8.609,1.3663142,-3.0940002,-4.658,134.627,0.5,32.24757481209221,Live_YFinance
UPS,2025-12-29,99.68000030517578,67.84787105597549,15.406492,9.284,5.342194,6.1490003,33.617999999999995,184.32,0.5,32.15212894402451,Live_YFinance
CPRT,2025-12-29,39.4900016784668,67.88075454919803,24.07927,16.623,3.9816496,34.243,18.124000000000002,1.039,0.5,32.11924545080197,Live_YFinance
FIS,2025-12-29,67.44999694824219,68.00736998613596,210.78125,15.134,2.5259335,1.46200005,1.1829999,94.272,0.5,31.992630013864044,Live_YFinance
NEM,2025-12-29,99.80999755859375,68.08296717854316,16.443163,9.413,3.2833316,33.423,22.875999,16.914,0.5,31.917032821456843,Live_YFinance
BA,2025-12-29,217.25,68.13076393182732,0.0,-32.265,-19.989878,-12.197,0.0,0.0,0.5,31.869236068172683,Live_YFinance
SW,2025-12-29,38.68000030517578,68.2960823164803,26.49315,7.498,1.0926863,2.402,4.099,76.445,0.5,31.703917683519705,Live_YFinance
CNC,2025-12-29,40.810001373291016,68.33540857814538,0.0,4.744,0.95735204,-3.1550000000000002,-21.86,83.51,0.5,31.664591421854624,Live_YFinance
RF,2025-12-29,27.549999237060547,68.38901739800917,12.136563,0.0,1.3777066,31.044,11.401,0.0,0.5,31.610982601990827,Live_YFinance
AON,2025-12-29,356.7300109863281,68.4355828997079,28.56125,17.192,9.669839,15.962000000000002,37.69,214.88,0.5,31.564417100292104,Live_YFinance
MU,2025-12-29,294.3699951171875,68.52821800027208,27.105894,14.514,5.636464,28.145999999999997,22.554001,21.244,0.5,31.471781999727924,Live_YFinance
PG,2025-12-29,144.57000732421875,68.53067189514006,21.10511,14.726,6.4347715,19.739,31.902,67.125,0.5,31.46932810485994,Live_YFinance
SYF,2025-12-29,84.73999786376953,68.53512743885507,9.291667,0.0,1.926303,37.066,21.636999000000003,0.0,0.5,31.46487256114493,Live_YFinance
WFC,2025-12-29,94.5199966430664,68.5833413336063,15.700996,0.0,1.8088566,26.629,11.5200005,0.0,0.5,31.4166586663937,Live_YFinance
MNST,2025-12-29,77.62999725341797,68.65516781184645,44.107952,29.35,9.791877,21.654,25.538,0.779,0.5,31.344832188153546,Live_YFinance
HBAN,2025-12-29,17.579999923706055,69.189248446651,12.293707,0.0,1.314589,29.619,10.434000000000001,0.0,0.5,30.810751553348993,Live_YFinance
ED,2025-12-29,99.54000091552734,69.20192132042423,17.4021,10.495,1.4868479,12.2700006,8.839,110.373,0.5,30.798078679575767,Live_YFinance
PEG,2025-12-29,80.69000244140625,69.30202921844952,19.396635,14.276,2.3672478,17.768,12.579,138.209,0.5,30.69797078155048,Live_YFinance
CTVA,2025-12-29,67.6500015258789,69.33537859414058,27.278227,12.701,1.8153764,9.187999,6.705,17.175,0.5,30.66462140585942,Live_YFinance
L,2025-12-29,106.23999786376953,69.39753616909408,15.419449,8.905,1.2019595,7.949000000000001,8.182,49.123,0.5,30.60246383090592,Live_YFinance
AVY,2025-12-29,182.64999389648438,69.43854459638574,20.75568,12.059,6.4060745,7.932,30.211001999999997,171.013,0.5,30.56145540361426,Live_YFinance
REG,2025-12-29,69.79000091552734,69.5023150722098,32.01376,18.212,1.9299799,26.093,6.02,73.101,0.5,30.497684927790203,Live_YFinance
CHD,2025-12-29,85.33999633789062,69.72572014457215,26.921133,16.981,4.851896,12.742,18.594,56.855,0.5,30.27427985542785,Live_YFinance
LMT,2025-12-29,488.8699951171875,69.72953021510448,27.250278,17.981,18.191189,5.726,62.775999999999996,358.987,0.5,30.270469784895525,Live_YFinance
CTAS,2025-12-29,191.0399932861328,69.75490188745293,41.35065,27.876,17.145933,17.584999,43.396,72.656,0.5,30.24509811254707,Live_YFinance
AMP,2025-12-29,497.7799987792969,69.79501478529184,13.697853,0.0,7.181625,19.586000000000002,59.589000000000006,54.222,0.5,30.20498521470816,Live_YFinance
HWM,2025-12-29,209.49000549316406,69.80756601403306,58.84551,39.05,16.593267,18.181998999999998,30.064,65.176,0.5,30.192433985966943,Live_YFinance
MOH,2025-12-29,166.5399932861328,70.13507280093057,10.154878,2.661,2.0266256,2.0610001,19.708000000000002,91.911,0.2,29.864927199069427,Live_YFinance
NTRS,2025-12-29,139.7100067138672,70.22114411572117,16.283218,0.0,2.1888173,21.761,13.431999999999999,0.0,0.2,29.778855884278826,Live_YFinance
NCLH,2025-12-29,22.40999984741211,70.27026710381038,16.122303,10.053,4.652273,6.845999999999999,39.870998,699.717,0.2,29.729732896189617,Live_YFinance
ARE,2025-12-29,49.16999816894531,70.34882302539509,0.0,13.454,0.5033629,-13.436,-1.084,66.083,0.2,29.65117697460491,Live_YFinance
PPL,2025-12-29,35.220001220703125,70.38670527818992,23.959185,12.832,1.8071733,12.162,7.6620005,132.089,0.2,29.613294721810078,Live_YFinance
PPG,2025-12-29,104.25,70.59441921566436,18.649374,11.213,2.9992232,6.348,16.16,99.56,0.2,29.40558078433564,Live_YFinance
LUV,2025-12-29,41.119998931884766,70.64667075427758,65.26984,13.999,2.7347698,1.37600005,4.168,67.618,0.2,29.35332924572242,Live_YFinance
MCK,2025-12-29,830.4199829101562,70.69693260693418,25.974977,16.804,-59.214203,1.042,0.0,0.0,0.2,29.303067393065817,Live_YFinance
EXPE,2025-12-29,286.82000732421875,70.792364317358,27.631985,16.894,26.393671,9.659000500000001,53.886,250.289,0.2,29.207635682642007,Live_YFinance
UDR,2025-12-29,36.65999984741211,70.82351610653498,83.318184,18.616,3.751919,8.595,3.649,144.858,0.2,29.17648389346502,Live_YFinance
CI,2025-12-29,276.010009765625,70.85983245442526,12.22365,8.676,1.7601781,2.2929999999999997,15.537999999999998,81.021,0.2,29.14016754557474,Live_YFinance
GE,2025-12-29,311.5799865722656,70.9169340805945,42.21951,30.312,17.471123,18.343999999999998,42.131,115.246,0.2,29.0830659194055,Live_YFinance
YUM,2025-12-29,152.27000427246094,70.97329582381303,29.68226,19.151,-5.6404653,17.951,0.0,0.0,0.2,29.026704176186968,Live_YFinance
NDSN,2025-12-29,243.13999938964844,71.04988680984934,28.6384,17.65,4.467268,17.354,16.215,68.747,0.2,28.95011319015066,Live_YFinance
TKO,2025-12-29,216.11000061035156,71.12012115663703,82.80077,24.564,4.4629617,8.988999999999999,8.129,42.785,0.2,28.879878843362974,Live_YFinance
COO,2025-12-29,82.19999694824219,71.39913706288986,43.95722,17.651,1.9544903,9.161,4.5939997,33.785,0.2,28.600862937110136,Live_YFinance
HST,2025-12-29,18.389999389648438,71.42858048101996,17.349056,11.19,1.8986166,12.403,10.9239995,82.827,0.2,28.571419518980036,Live_YFinance
WTW,2025-12-29,334.1499938964844,71.50436189799473,16.003353,13.715,4.149231,21.576001,27.633000000000003,75.685,0.2,28.495638102005273,Live_YFinance
APO,2025-12-29,147.27000427246094,71.6981182606716,21.657352,0.0,3.9318132,15.777000999999998,16.549,94.598,0.2,28.301881739328394,Live_YFinance
MMC,2025-12-29,187.6300048828125,71.89534082270836,22.416965,14.325,6.067456,15.601,28.733999999999998,139.501,0.2,28.104659177291637,Live_YFinance
FITB,2025-12-29,47.81999969482422,72.10881220286907,14.274627,0.0,1.6345924,29.674,11.5109995,0.0,0.2,27.891187797130925,Live_YFinance
EQR,2025-12-29,63.279998779296875,72.18545765049755,20.81579,17.601,2.1757667,37.583,10.444,76.237,0.2,27.814542349502446,Live_YFinance
HSIC,2025-12-29,76.44000244140625,72.26366931734071,24.113565,13.656,2.6965818,3.0220000000000002,8.347999,70.224,0.2,27.736330682659286,Live_YFinance
HII,2025-12-29,345.7300109863281,72.31276213574736,23.859905,15.436,2.7220693,4.737,12.386999999999999,58.708,0.2,27.687237864252637,Live_YFinance
CHRW,2025-12-29,163.94000244140625,72.41377070393038,33.25355,23.799,10.454023,3.636,34.318,80.904,0.2,27.586229296069618,Live_YFinance
ZTS,2025-12-29,125.9800033569336,72.41971094935599,21.173111,15.243,10.303427,28.211000000000002,49.868,135.05,0.2,27.580289050644012,Live_YFinance
PCG,2025-12-29,15.989999771118164,72.53222133949252,13.436974,10.016,1.1560986,10.491999999999999,8.76,185.52,0.2,27.467778660507477,Live_YFinance
CCL,2025-12-29,30.719999313354492,72.88629937559801,15.207921,9.173,3.2809997,10.366999,25.632998,227.882,0.2,27.113700624401986,Live_YFinance
STT,2025-12-29,131.69000244140625,72.95181761149374,13.979831,0.0,1.543212,21.877001,11.1499995,0.0,0.2,27.048182388506262,Live_YFinance
MAA,2025-12-29,139.17999267578125,73.42496185300867,29.487288,17.363,2.8007405,25.233,9.408,87.122,0.2,26.575038146991332,Live_YFinance
BEN,2025-12-29,24.3799991607666,73.50742869506053,26.791206,8.868,1.0515872,5.985,3.818,23.699,0.2,26.492571304939474,Live_YFinance
GWW,2025-12-29,1026.31005859375,73.56983160142318,28.732084,17.228,13.725861,9.746,46.719003,68.67,0.2,26.430168398576825,Live_YFinance
CRL,2025-12-29,203.16000366210938,74.04079074958378,0.0,14.09,2.9360504,-2.0450002,-2.1879999,76.251,0.2,25.959209250416222,Live_YFinance
PKG,2025-12-29,208.77000427246094,74.07188786180265,21.08788,12.011,3.923437,10.184999999999999,19.811001,91.618,0.2,25.92811213819735,Live_YFinance
C,2025-12-29,118.12999725341797,74.09731845462309,16.924068,0.0,1.0896697,19.488001,6.995,0.0,0.2,25.902681545376907,Live_YFinance
RTX,2025-12-29,184.4199981689453,74.21168694297432,38.024742,19.699,3.832741,7.666,10.702,61.315,0.2,25.788313057025675,Live_YFinance
EFX,2025-12-29,222.1300048828125,74.44264752113835,41.99055,17.204,5.514511,11.08,13.065999999999999,94.824,0.2,25.557352478861645,Live_YFinance
ALB,2025-12-29,144.5800018310547,74.77184314478211,0.0,30.647,2.1924996,-0.428,0.209,36.655,0.2,25.22815685521789,Live_YFinance
TFC,2025-12-29,50.02000045776367,74.78627950272082,13.410188,0.0,1.071115,28.605000000000004,7.982,0.0,0.2,25.213720497279184,Live_YFinance
CFG,2025-12-29,59.13999938964844,74.92622397865573,16.565826,0.0,1.0758204,22.894000000000002,6.7140006,0.0,0.2,25.073776021344273,Live_YFinance
LLY,2025-12-29,1078.72998046875,74.9876978447827,52.904858,34.729,40.614834,30.986000000000004,96.47,178.516,0.2,25.0123021552173,Live_YFinance
CB,2025-12-29,314.45001220703125,75.00006645831247,13.107546,11.613,1.7256329,16.442,13.639999999999999,30.958,0.2,24.999933541687525,Live_YFinance
EIX,2025-12-29,60.099998474121094,75.21685160307105,7.876802,9.055,1.4910191,16.315001000000002,15.765001000000002,204.02,0.2,24.78314839692895,Live_YFinance
MRK,2025-12-29,106.62000274658203,75.27108278480762,14.103175,9.144,5.114896,29.631999999999998,39.485002,79.708,0.2,24.728917215192382,Live_YFinance
CMCSA,2025-12-29,29.8700008392334,75.47467905557323,4.9617944,5.216,1.1244118,18.333,24.186,101.462,0.2,24.525320944426767,Live_YFinance
DIS,2025-12-29,114.19000244140625,75.47478352945194,16.670074,12.788,1.8614393,13.136000000000001,12.203,39.632,0.2,24.52521647054806,Live_YFinance
CAH,2025-12-29,207.3800048828125,75.75752811773475,31.23193,15.197,-17.143093,0.681,0.0,0.0,0.2,24.24247188226525,Live_YFinance
GL,2025-12-29,141.75999450683594,75.76644726187862,10.317322,8.695,2.0011294,19.363001,22.277,55.217,0.2,24.233552738121375,Live_YFinance
COF,2025-12-29,245.75,75.81743097428563,84.16096,0.0,1.4411715,4.899,1.6150000000000002,0.0,0.2,24.182569025714372,Live_YFinance
ICE,2025-12-29,163.97999572753906,75.85000983838458,29.868853,18.442,3.2630887,32.431,11.4930004,67.954,0.2,24.14999016161542,Live_YFinance
BKNG,2025-12-29,5441.330078125,75.87039651582953,35.459957,17.986,-37.117863,19.371,0.0,0.0,0.2,24.129603484170474,Live_YFinance
XYZ,2025-12-29,65.91999816894531,76.01276499524992,13.344129,23.69,1.7843704,13.081001,14.692001,36.049,0.2,23.987235004750076,Live_YFinance
WY,2025-12-29,23.809999465942383,76.10922545929401,51.760868,21.773,1.8185289,4.68,3.4189999999999996,58.233,0.2,23.89077454070599,Live_YFinance
FOXA,2025-12-29,73.81999969482422,76.3428146923572,16.701357,10.178,2.6893513,12.353,17.272000000000002,60.136,0.2,23.657185307642806,Live_YFinance
TRV,2025-12-29,291.92999267578125,76.99823858806622,11.493307,8.005,2.059558,12.1350005,19.808999999999997,29.318,0.2,23.001761411933785,Live_YFinance
FDX,2025-12-29,292.8900146484375,77.38878734499042,16.208633,0.0,2.4459476,4.814,15.886,0.0,0.2,22.61121265500958,Live_YFinance
USB,2025-12-29,54.5,77.44226968346149,12.471396,0.0,1.5004267,27.632,11.72,0.0,0.2,22.55773031653851,Live_YFinance
MAR,2025-12-29,314.4100036621094,77.45201023596792,33.09579,21.934,-27.155813,37.984002,0.0,0.0,0.2,22.54798976403208,Live_YFinance
OMC,2025-12-29,80.47000122070312,77.8735022362266,11.8687315,7.751,3.3662412,8.307,27.006999999999998,128.056,0.2,22.1264977637734,Live_YFinance
WM,2025-12-29,222.2899932861328,77.91665312684995,34.951256,15.427,9.407906,10.345,29.328,245.399,0.2,22.08334687315005,Live_YFinance
CMG,2025-12-29,37.13999938964844,78.14992559206932,32.867256,22.503,15.28395,13.036,44.958,154.574,0.2,21.850074407930677,Live_YFinance
KEY,2025-12-29,20.969999313354492,78.21423438139684,25.888887,0.0,1.3258725,18.115999,5.8179997,0.0,0.2,21.785765618603165,Live_YFinance
FCX,2025-12-29,51.47999954223633,78.27224215931783,37.035973,9.711,3.9536133,7.968999999999999,14.538999,30.589,0.2,21.727757840682173,Live_YFinance
SCHW,2025-12-29,101.30999755859375,78.27833584781976,23.725994,0.0,4.246908,35.930002,17.046,99.789,0.2,21.72166415218024,Live_YFinance
PNC,2025-12-29,211.97000122070312,78.32276647319574,13.7020035,0.0,1.562371,29.937,11.486,0.0,0.2,21.677233526804258,Live_YFinance
REGN,2025-12-29,780.5,78.36372992798235,18.690134,17.203,2.591766,32.131,15.187999999999999,8.739,0.2,21.636270072017652,Live_YFinance
CBRE,2025-12-29,164.1699981689453,78.69277212970553,40.63614,21.476,5.6379,3.1229999,14.091000000000001,104.121,0.2,21.30722787029447,Live_YFinance
HLT,2025-12-29,292.3599853515625,78.9270602095184,42.371014,29.054,-13.814675,34.188998,0.0,0.0,0.2,21.0729397904816,Live_YFinance
LULU,2025-12-29,212.5399932861328,78.93292595324068,14.769979,8.597,5.5663514,15.720001,41.016999999999996,39.156,0.2,21.067074046759316,Live_YFinance
FOX,2025-12-29,65.12000274658203,79.42079349267851,14.699776,9.071,2.3723998,12.353,17.272000000000002,60.136,0.2,20.579206507321487,Live_YFinance
ACGL,2025-12-29,96.38999938964844,80.17717433549063,8.983225,6.924,1.5403423,20.959,17.811,11.501,0.2,19.822825664509367,Live_YFinance
DG,2025-12-29,137.52000427246094,80.71390750448583,23.751297,14.466,3.6977684,3.033,16.450001,201.663,0.2,19.28609249551417,Live_YFinance
CPT,2025-12-29,109.98999786376953,81.00246905721119,44.53036,17.354,2.628887,17.05,5.9310004,81.136,0.2,18.997530942788813,Live_YFinance
FRT,2025-12-29,102.06999969482422,81.39984492494952,25.906092,17.452,2.8824377,27.586,10.516,138.76,0.2,18.60015507505048,Live_YFinance
MCO,2025-12-29,519.0599975585938,81.40863690834993,41.825947,27.417,23.40111,29.915999999999997,54.914004000000006,181.347,0.2,18.591363091650067,Live_YFinance
MA,2025-12-29,577.9000244140625,81.44729978859044,36.90294,26.965,65.81255,45.275003000000005,184.86099000000002,239.715,0.2,18.552700211409558,Live_YFinance
CTSH,2025-12-29,85.0,81.87213260825945,19.675924,10.618,2.7558928,10.203,14.501000999999999,7.854,0.2,18.12786739174055,Live_YFinance
HIG,2025-12-29,138.80999755859375,82.61495339601277,11.359246,8.008,2.1426253,12.745000000000001,20.069,23.696,0.2,17.385046603987234,Live_YFinance
GM,2025-12-29,82.93000030517578,82.87797827914702,15.826337,12.18,1.1657295,1.625,4.442,195.437,0.2,17.122021720852985,Live_YFinance
SPG,2025-12-29,187.6199951171875,83.26278010638752,27.310043,19.058,26.526226,36.498000000000005,82.455003,884.863,0.2,16.737219893612476,Live_YFinance
BALL,2025-12-29,53.15999984741211,83.43556559285739,20.684826,10.744,2.6324651,5.357,11.746999599999999,138.426,0.2,16.564434407142613,Live_YFinance
TPR,2025-12-29,130.33999633789062,83.87765441810741,98.74242,18.45,67.11637,3.765,16.053,1051.139,0.2,16.12234558189259,Live_YFinance
AJG,2025-12-29,263.1400146484375,85.25228668976824,42.035145,23.223,2.9119685,13.257,9.0670004,58.979,0.2,14.74771331023176,Live_YFinance
PM,2025-12-29,161.94000244140625,85.96669144001494,23.101284,16.632,-23.097988,21.573999999999998,0.0,0.0,0.2,14.033308559985059,Live_YFinance
V,2025-12-29,354.6099853515625,86.64555376661494,34.731632,24.525,18.295841,50.144999999999996,52.068000000000005,68.807,0.2,13.354446233385062,Live_YFinance
SPGI,2025-12-29,530.0999755859375,87.03703813867604,38.608887,23.207,4.854129,28.091,11.9940005,31.784,0.2,12.962961861323961,Live_YFinance
VTRS,2025-12-29,12.369999885559082,87.20933004869843,0.0,6.885,0.9422608,-26.134002000000002,-21.087,97.03,0.2,12.790669951301567,Live_YFinance
NDAQ,2025-12-29,98.87000274658203,88.20559922304787,35.310715,21.903,4.7098894,19.895001,14.054,79.867,0.2,11.79440077695213,Live_YFinance
WRB,2025-12-29,70.79000091552734,88.28398624077745,14.871848,10.056,2.7443304,13.007,20.887,31.481,0.2,11.716013759222548,Live_YFinance
AIG,2025-12-29,86.4800033569336,88.49063881058875,15.553958,5.404,1.1460984,12.0170005,7.688000000000001,22.48,0.2,11.509361189411251,Live_YFinance
LIN,2025-12-29,426.5400085449219,89.64996017612378,28.417055,16.824,5.157741,21.170999,17.979999,64.673,0.2,10.350039823876216,Live_YFinance
EG,2025-12-29,340.0299987792969,91.36806309470592,25.31869,0.0,0.92886347,3.1229999,3.595,23.337,0.2,8.631936905294083,Live_YFinance
AIZ,2025-12-29,241.44000244140625,91.48402104067318,14.70402,8.676,2.1046574,6.753000000000001,15.412999999999998,38.316,0.2,8.515978959326816,Live_YFinance
MKC,2025-12-29,69.13999938964844,92.51927817063688,24.006943,17.636,3.225415,11.462,13.850000000000001,75.356,0.2,7.4807218293631195,Live_YFinance
IT,2025-12-29,253.8000030517578,93.16413205825567,22.16594,14.937,33.250362,13.71,109.25701000000001,512.089,0.2,6.8358679417443255,Live_YFinance
MSCI,2025-12-29,585.760009765625,95.73188427323436,37.16751,27.821,-22.9845,40.032002,0.0,0.0,0.2,4.268115726765643,Live_YFinance
ABNB,2025-12-29,136.6199951171875,95.85685091358765,32.606205,26.597,9.647623,22.03,30.775999999999996,26.458,0.2,4.14314908641235,Live_YFinance
